,ID,Members,cables,frequency,from,name,operator,operator:wikidata,operator:wikipedia,ref,route,to,type,voltage,wires,via,note,was:to,via:2,gez,not:operator:wikidata,planned,disused,description,circuits,fixme,location
0,67178,"['26380971', '119445842', '27149340', '27156335', '998096455', '51370891', '51370888', '51370894', '28278297']",2,16.7,Unterwerk Priort,Bahnstromleitung Priort - Karow 1,DB Energie GmbH,Q1152043,de:DB Energie,1,power,Unterwerk Karow,route,110000,single, , , , , , , , , , , , 
1,67179,"['27645830', '119017808', '27916070', '27149340', '119445845', '26380971']",2,16.7,Nitzahn,Nitzahn - Priort 2,DB Energie GmbH, , ,2,power,Priort,route,110000,double, , , , , , , , , , , , 
2,67180,"['28775976', '28775982', '26380971', '119443394', '23597731', '8031374', '119443385', '34848214', '34848231', '26332254', '52082739', '27692916']",2,16.7,Priort,Priort - Genshagener Heide 1,DB Energie GmbH,Q1152043,de:DB Energie,1,power,Genshagener Heide,route,110000,single,Golm, , , , , , , , , , , 
3,67186,"['29331392', '119377193', '27692895', '52082737', '27692916']",2,16.7,Thyrow,Thyrow - Genshagener Heide 1,DB Energie GmbH, , , ,power,Genshagener Heide,route,110000,single, , , , , , , , , , , , 
4,69042,"['940635545', '30309989', '52831338', '437580960', '8017477', '27163333', '238840417', '765260457', '765260456', '765260455', '765260452', '765260451', '765260453', '765260454', '765260449', '765260450', '765260448', '238840418', '233486326']",3,50,Henningsdorf,295,50Hertz Transmission,Q241331,de:50Hertz Transmission,295,power,Wustermark,route,220000,double, , , , , , , , , , , , 
5,69043,"['942448206', '998005839', '34942575', '944513499', '164012417', '32950166', '1019450642', '51370887', '51370891', '998096456', '27163218', '8017483', '8017477', '52831337', '437580959', '30309989']",3,50,Umspannerk Neuenhagen,Hochspannungsleitung 293 Neuenhagen - Hennigsdorf,50Hertz Transmission,Q241331,de:50Hertz Transmission,293,power,Umspannwerk Hennigsdorf,route,220000,double, , , , , , , , , , , , 
6,69045,"['940635545', '942448206', '944513500', '164012430', '998005839', '34942575', '32950166', '1019450642', '51370887', '51370891', '998096456', '27163218', '27163257', '238840417', '765260457', '765260456', '765260455', '765260452', '765260451', '765260453', '765260454', '765260449', '765260450', '765260448', '233520703', '233486326']",3,50,Umspannwerk Neuenhagen,Hochspannungsleitung 294 Neuenhagen - Wustermark,50Hertz Transmission,Q241331,de:50Hertz Transmission,294,power,Umspannwerk Wustermark,route,220000,double, , , , , , , , , , , , 
7,109961,"['518455587', '825163736', '617568394', '32950166', '34942574', '24213861', '40895968', '40895974', '816850200', '729102366', '729102365', '137197826', '518455594']",3,50,Umspannwerk Gransee,Hochspannungsleitung 517 Gransee - Neuenhagen,50Hertz Transmission,Q241331,de:50Hertz Transmission,517,power,Umspannwerk Neuenhagen,route,380000,triple, , , , , , , , , , , , 
8,109962,"['617568396', '617568394', '32950166', '34942574', '7981921', '30151837', '945955006', '7979017', '940636813', '518455591', '617568397', '786985537', '786985538', '824019356', '947118608']",3,50,Umspannwerk Altentreptow Süd,Hochspannungsleitung 518 Altentreptow Süd - Malchow,50Hertz Transmission,Q241331, ,518,power,Umspannwerk Malchow,route,380000,triple, , , , , , , , , , , , 
9,109969,"['940636813', '37202069', '945955005', '30151837', '22980164', '729102365', '729102366', '40895968', '816850199', '8017790', '137197826']",3,50,Umspannwerk Malchow,Hochspannungsleitung 520 Malchow - Neuenhagen,50Hertz Transmission,Q241331,de:50Hertz Transmission,520,power,Umspannwerk Neuenhagen,route,380000,triple, , , , , , , , , , , , 
10,110556,"['23499551', '23499599', '32996591', '786978747', '32996487', '234453387', '793978408', '25835623', '164950715', '29286033', '369719846', '955985986', '135204761', '55251124', '786978738', '786978737', '29286029']",3, , ,Bau-Nho 2,EON_edis, , , ,power, ,route,110000,single, , , , , , , , , , , , 
11,110604,"['24809689', '460292815', '206663800', '33000377', '26750976', '194820159']",3,50,Großbeeren,Grb-Tel 1,E.DIS Netz GmbH, , , ,power,Teltow,route,110000, , , , , , , , , , , , , 
12,110605,"['24809702', '460292811', '32999474', '27704195', '40806065', '188944897', '27704199', '26750976']",3,50,Großbeeren,Grb-Pos 2,E.DIS Netz GmbH, , , ,power,Potsdam,route,110000, , , , , , , , , , , , , 
13,110606,"['24809689', '32999474', '33000377', '40806028', '48759346', '257783129', '257783128', '26507031', '233665635', '199806873', '194820159']",3,50,Teltow,Tel-Sed 3,E.DIS Netz GmbH, , , ,power, ,route,110000,single, , , , , , , , , , , , 
14,145483,"['27149550', '30132577', '971780150', '30132574', '233500126', '27157670', '26472665', '1071440247']",3,50,Umspannwerk Wolmirstedt,Hochspannungsleitung 494 Wolmirstedt - Wustermark,50Hertz Transmission,Q241331,de:50Hertz Transmission,494,power,Umspannwerk Wustermark,route,220000,quad;triple, ,"für 380000 Volt errichtet, z.Z. mit 220000 Volt betrieben", , , , , , , , , , 
15,145484,"['233500126', '30132575', '22981047', '381739502', '30132758', '944516899', '233482122', '27149550']",3,50,Wustermark,498,50Hertz Transmission,Q241331,de:50Hertz Transmission,498,power,Teufelsbruch,route,380000,quad;triple, , , , , , , , , , , , 
16,145485,"['26472663', '381739508', '381739502', '30132758', '239579600', '971780151', '30132577', '26472665']",3,50,Umspannwerk Wolmirstedt,Hochspannungsleitung 493 Wolmirstedt - Teufelsbruch,50Hertz Transmission,Q241331,de:50Hertz Transmission,493,power,Umspannwerk Teufelsbruch,route,380000,triple, , , , , , , , , , , , 
17,145508,"['941453716', '39579910', '945953278', '59032803', '30416989', '30416990', '470634230', '907494426', '851945933', '851299584']",3,50,Umspannwerk Siedenbrünzow,Hochspannungsleitung 513 Siedenbrünzow - Putlitz Süd,50Hertz Transmission,Q241331,de:50Hertz Transmission,513,power,Umspannwerk Putlitz Süd,route,380000,triple, , ,Umspannwerk Stednal West, , , , , , , , , 
18,145509,"['30419117', '30419417', '259468200', '259468201', '41036073', '953458921', '164015321', '59707534', '953460012', '59707532', '33169401']",3,50,Umspannwerk Perleberg,Hochspannungsleitung 516 Perleberg - Stendal West,50Hertz Transmission,Q241331,de:50Hertz Transmission,516,power,Umspannwerk Stendal West,route,380000,triple, , , , , , , , , , , , 
19,145510,"['32062544', '30416985', '470634230', '907494427', '851945932', '851299584', '435456623', '59049184', '30416986']",3,50,Umspannwerk Güstrow,Hochspannungsleitung 514 Güstrow - Putlitz Süd,50Hertz Transmission,Q241331,de:50Hertz Transmission,514,power,Umspannwerk Putlitz Süd,route,380000,triple, , , , , , , , , , , , 
20,151331,"['32977008', '214544153', '32971602', '23598308', '156354807', '156354805', '156354806', '214544144', '156354804', '214544145', '214544103']",6,16.7,Neuhof,15-kV-Bahnstromleitung Neuhof - Halbe,DB Energie GmbH, , , ,power,Halbe,route,15000,single, , , , , , , , , , , , 
21,222222,"['8656259', '289283871', '39643974', '289334548', '289333527', '289283875', '234161540', '1090874996', '942448205', '23499851', '258195710', '258195709']",3,50,Umspannwerk Neuenhagen,Hochspannungsleitung Nhg - Tf 2,E.DIS Netz GmbH,Q1273411, ,2,power,Umspannwerk Tempelfelde,route,110000,single,Seefeld, , , , , , , , , , , 
22,222223,"['39643974', '289334548', '289333527', '289283875', '234161545', '1090874995', '289283874', '289334545', '289334543', '289283878', '289283870', '289335809', '942448205', '32522927', '289333526', '258272921', '258272920', '210743915', '210743916', '202267732', '202267731', '88276389', '246515828', '246515830']",3,50,Umspannwerk Neuenhagen,Hochspannungsleitung Nhg - - Fin 1,E.DIS Netz GmbH,Q1273411, ,1,power,Umspannwerk Finow,route,110000,single,Windpark Willmersdorf, , , , , , , , , , , 
23,227616,"['499503583', '44052581', '149635967', '61575984', '369542764', '157520746', '49967909', '49978584', '827848145', '40152416', '44052622', '996358508', '499503585', '369542763', '40550867', '43915541', '55697039', '28776902']",2,16.7,Muldenstein,Bahnstromleitung Muldenstein - Kirchmöser 2,DB Energie GmbH,Q1152043,de:DB Energie,2,power,Kirchmöser,route,110000,single,Klebitz, , ,Borne, , , , , , , , 
24,240489,"['944516922', '27157904', '27149776', '234816052', '40621568', '940635545']",3,50,Wustermark,319,50Hertz Transmission,Q241331,de:50Hertz Transmission,319,power,Brandenburg/West,route,220000,double, , , , , , , , , , , , 
25,240490,"['233482114', '944516924', '27149776', '234816051', '40621568', '940635545']",3,50,Wustermark,324,50Hertz Transmission,Q241331,de:50Hertz Transmission,324,power,Brandenburg/West,route,220000,double, , , , , , , , , , , , 
26,241440,"['29331499', '22973052', '817444365', '40801073', '58604695', '58604693', '459526623', '233516455', '23598077', '331657570']",3,50,Wuhlheide,Hochspannungsleitung 291 Wuhlheide - Thyrow,50Hertz Transmission,Q241331,de:50Hertz Transmission,291,power,Thyrow,route,220000,double, , , , , , , , , , , , 
27,241441,"['29331499', '940921737', '71335644', '758948406', '40801071', '821965933', '40801070', '58604695', '22973052', '58604693', '459526624', '233516451', '23598077', '331657570', '817444367', '8014814']",3,50,Marzahn,Hochspannungsleitung 302 Marzahn - Wuhlheide - Thyrow,50Hertz Transmission,Q241331,de:50Hertz Transmission,302,power,Thyrow,route,220000,triple;double,Wuhlheide,Abzweig Wuhlheide, , , , , , , , , , 
28,241442,"['22973052', '40801071', '821965933', '40801072', '817444363', '758948405', '71335643', '940921737']",3, ,Marzahn,Hochspannungsleitung 301 Marzahn - Wuhlheide,50Hertz Transmission,Q241331,de:50Hertz Transmission,301,power,Wuhlheide,route,220000,triple;double, , , , , , , , , , , , 
29,241513,"['8014833', '40807399', '112789705', '22973052', '30954714', '215257946', '24779247', '46508946', '354586865']",3,50,Friedrichshain,706,Stromnetz Berlin,Q110255475, , ,power,Wuhletal,route,110000,double, , , , , , , , , , , , 
30,252581,"['166912772', '7962792', '263419605', '166912779', '166885627', '20562114', '940636813', '166885622', '945955004', '40895836', '354559582', '24477877', '816337410', '347993166', '347993141', '39243044']",3, ,Malchow,Hochspannungsleitung 808 MOW - BIN,Stromnetz Berlin,Q110255475, ,808,power,Biesdorf-Nord,route,110000,single, , , , ,755, , , , , , , 
31,252583,"['137197826', '40895990', '816760744', '758952097', '758952096', '22973070', '816760745']",3, ,Umspannwerk Neuenhagen,Hochspannungsleitung 495 Neuenhagen - Marzahn,50Hertz Transmission,Q241331,de:50Hertz Transmission,495,power,Umspannwerk Marzahn,route,380000,triple, , , , , , , , , , , , 
32,252584,"['137197826', '40895990', '816760747', '816760746', '758952098', '758952095', '22973070']",3, ,Neuenhagen,Hochspannungsleitung 496 Neuenhagen - Marzahn,50Hertz Transmission,Q241331,de:50Hertz Transmission, ,power,Marzahn,route,380000,quad, , , , , , , , , , , , 
33,252588,"['22973052', '31262306', '816359613', '347993180', '40798792', '39243044', '40897625', '35551888']",3, , ,Hochspannungsleitung 837 BIN - HKL,Stromnetz Berlin,Q110255475, ,837,power,Biesdorf Nord,route,110000,single, , , , , , , , , , , , 
34,252589,"['30954714', '215257944', '40897623', '15023498', '41405917', '40897625', '31262306', '816359617', '347993171', '39243044']",3,50,Biesdorf Nord,Hochspannungsleitung 836 Biesdorf Nord - Friedrichshain,Stromnetz Berlin,Q110255475, ,836,power,Friedrichshain,route,380000,single, ,BIN - FRH, , , , , , , , , , 
35,271177,"['202530183', '288796637', '288796647', '30304616', '233667460', '30305137', '27883686']",3,50,Falkensee,Fs-Hen 4,E.DIS Netz GmbH, , ,4,power,Henningsdorf,route,110000, , , , , , , , , , , , , 
36,271178,"['30304622', '944516916', '233482212', '202530183', '288796637', '288796647', '27883686', '940635546']",3,50,Wustermark,Wu-Hen 1,E.DIS Netz GmbH,Q1273411,de:E.DIS,1,power,Henningsdorf,route,110000, , , , , , , , , , , , , 
37,271179,"['30304622', '944516917', '233482210', '30304616', '233667461', '30305137', '940635546']",3,50,Wustermark,Wu-Fs 2,E.DIS Netz GmbH,Q1273411,de:E.DIS,2,power,Falkensee,route,110000, , , , , , , , , , , , , 
38,272851,"['27637573', '257776008', '39645484', '27637570', '30918818', '437649870', '119554246', '55562108']",3,50, ,Pre-Rat 10,e.dis, , , ,power, ,route,110000, , , , , , , , , , , , , 
39,272852,"['29392745', '27543390', '39645485', '27637570', '119554248', '437649871', '30918818', '944516912', '233482223', '940635546']",3,50,Wustermark,Rat-Wu 12,E.DIS Netz GmbH,Q1273411,de:E.DIS, ,power,Rathenow,route,110000, , , , , , , , , , , , , 
40,272853,"['27171723', '257448383', '257776511', '28777004', '257448388', '257448381', '257448386', '29392745', '944516913', '233482222', '64856342', '162876006', '202610156', '257476893', '257476890', '257476894', '940635546']",3,50,Kirchmöser,Ki-Wu 3,E.DIS Netz GmbH,Q1273411,de:E.DIS, ,power,Wustermark,route,110000, , , , , , , , , , , , , 
41,318038,"['27704199', '188944890', '40806065', '40806064', '27866188', '1022574454', '1022574453', '233664695', '27866190', '48759346', '257783130', '257783128', '199806873']",3,50,Potsdam Süd,Pos-Gel 4,E.DIS Netz GmbH, , , ,power,Geltow,route,110000, , , , , , , , , , , , , 
42,416270,"['28086807', '119018945', '27269287', '27645830', '119017798', '49275117', '28086765', '51080966', '28087043']",2,16.7,Nitzahn,Nitzahn - Heeren 1,DB Energie GmbH, , , ,power,Heeren,route,110000,double;single,Rathenow, , , , , , , , , , , 
43,421174,"['135204766', '435572374', '135204748', '29286029', '955985987', '135204747']",3,50,Neuenhagen,Nho-Füb 5,EON_edis, , , ,power,Fürstenberg,route,110000,single, , , , , , , , , , , , 
44,421176,"['369719846', '955985989', '135204760', '23499551', '25835623', '369651846', '29286029', '164950715', '32996591', '786978746', '32996487', '55251124', '786978742', '786978738', '29286033', '23499599', '234453387', '793978408']",3, ,Bernau,Bau-Nho 1,EON_edis, , , ,power,Neuhof,route,110000,single, , , , , , , , , , , , 
45,443440,"['29704404', '460292806', '51769718', '51766999', '32882491', '32884660', '27862073', '202527434', '41768225', '32882485', '84723151', '26750976', '54278446', '378308918', '206639498']",3,50,Schönefeld-Süd,SfS-Grb,E.DIS Netz GmbH,Q1273411,de:E.DIS,5,power,Großbeeren,route,110000, , , , , , , , , , , , , 
46,443441,"['233516434', '51769717', '29704404', '221010422', '221010426', '37041671']",3,50,Schönefeld-Nord,SfN-Thy 4,E.DIS Netz GmbH, , , ,power,Thyrow,route,110000, , , , , , , , , , , , , 
47,443442,"['27692791', '460292838', '233516434', '459526602', '233516498', '26750976']",3,50, ,Tre-Thy 6,E.DIS Netz GmbH, , , ,power, ,route,110000,single, , , , , , , , , , , , 
48,446269,"['27692916', '52082738', '54278440', '498869303', '198895525']",2,16.7,Genshagener Heide,Genshagener Heide - Schönefeld,DB Energie GmbH, , ,1,power,Schönefeld,route,110000,single, , , , , , , , , , , , 
49,545052,"['188947848', '54487673', '54487642', '54487656', '44050124', '54516390', '362610843']",3,50, ,Dwz-PZ4,E.DIS Netz GmbH, , , ,power, ,route,110000,single, , , , , , , , , , , , 
50,545053,"['54487642', '27704241', '188944892', '44050124', '27704199', '188947846', '362610844']",3,50, ,PoS-Nuthe6,E.DIS Netz GmbH, , , ,power, ,route,110000,single, , , , , , , , , , , , 
51,545054,"['188944891', '188944892', '54487673', '794472996', '54487656', '27704199']",3,50, ,PoS-Dwz2,E.DIS Netz GmbH, , , ,power, ,route,110000,single, , , , , , , , , , , , 
52,902597,"['940922557', '176548911', '1086549373', '221456984', '244279965', '704076605', '28729619']",3,50,Umspannwerk Ragow,Hochspannungsleitung 501 Ragow - Schönewalde,50Hertz Transmission,Q241331,de:50Hertz Transmission,501,power,Umspannwerk Schönewalde,route,380000,quad, , , , , , , , , , , , 
53,918562,"['208256287', '459526622', '233516468', '378311481', '23024661', '378311483', '238840416', '29331499', '944516904', '233486322', '940635545']",3,50,Thyrow,526,50Hertz Transmission,Q241331,de:50Hertz Transmission,526,power,Wustermark,route,220000,triple, ,Umrüstung auf 380 kV scheint geplant zu sein, , , , , , , , , , 
54,918563,"['27149550', '940922557', '815563656', '75502741', '156684001', '23499335', '49414535', '815128554', '815128553', '378311481', '944516903', '131906761']",3,50,Umspannwerk Ragow,Hochspannungsleitung 521 Ragow - Wustermark,50Hertz Transmission,Q241331,de:50Hertz Transmission,521,power,Umspannwerk Wustermark,route,380000,triple, , , , , , , , , , , , 
55,918564,"['940470389', '940922557', '75502740', '815563657', '156684001', '23499335', '49414535', '459526593', '208256290']",3,50,Umspannwerk Ragow,Hochspannungsleitung 522 Ragow - Thyrow,50Hertz Transmission,Q241331,de:50Hertz Transmission,522,power,Umspannwerk Thyrow,route,380000,triple;single, , , , , , , , , , , , 
56,919059,"['157806991', '58935904', '259260566', '154787434', '953420160', '154787447', '30164703']",3,50,Umspannwerk Graustein,Hochspannungsleitung 566 Graustein - Bärwalde,50Hertz Transmission,Q241331, ,566,power,Schaltwerk Bärwalde,route,380000, , , , , , , , , , , , , 
57,919060,"['30164703', '59545509', '953420161', '154787434', '58975180', '259260563', '157806991']",3,50,Umspannwerk Graustein,Hochspannungsleitung 565 Graustein - Bärwalde,50Hertz Transmission,Q241331, ,565,power,Schaltwerk Bärwalde,route,380000, , , , , , , , , , , , , 
58,919119,"['941198517', '58417851', '947583944', '154787387', '953420163', '154787429', '30164703']",3,50,Umspannwerk Preilack,Hochspannungsleitung 542 Preilack - Graustein,50Hertz Transmission,Q241331,de:50Hertz Transmission,542,power,Umspannwerk Graustein,route,380000, , , , , , , , , , , , , 
59,919121,"['30164703', '154787384', '953420162', '154787387', '947583945', '58417798', '941198517']",3,50,Umspannwerk Preilack,Hochspannungsleitung 541 Preilack - Graustein,50Hertz Transmission,Q241331,de:50Hertz Transmission,541,power,Umspannwerk Graustein,route,380000, , , , , , , , , , , , , 
60,934664,"['44051128', '257780109', '27866189', '385503456', '405114352', '44051122', '27866190', '233663072', '370880200']",3,50,Ketzin,Ket-Gel4,E.DIS Netz GmbH,Q1273411,de:E.DIS, ,power,Geltow,route,110000, , , , , , , , , , , , , 
61,934665,"['44051128', '233663071', '44051117', '44051122', '944516909', '233482228', '940635546']",3,50,Wustermark,Wu-Gel2,E.DIS Netz GmbH,Q1273411,de:E.DIS, ,power,Ketzin,route,110000, , , , , , , , , , , , , 
62,934666,"['940635546', '44051117', '257780109', '27866189', '385503456', '405114352', '27866190', '944516908', '233482229', '203452566', '202454155', '370880200']",3,50,Wustermark,Wu-Gel1,E.DIS Netz GmbH,Q1273411,de:E.DIS, ,power,Geltow,route,110000, , , , , , , , , , , , , 
63,1021992,"['435456615', '59736421', '43171099', '59032803', '31031057', '167854736', '943444232', '55635095', '945953809', '1094015892']",3,50,Umspannwerk Pasewalk,Hochspannungsleitung 315 Pasewalk - Güstrow,50Hertz Transmission,Q241331, ,315,power,Umspannwerk Güstrow,route,220000,double, , , , , , , , , , , , 
64,1021993,"['59032803', '31031057', '39688876', '39688875', '167854736', '945953810', '55635096', '943444232', '435456616', '59736427', '43171099', '1094015892']",3,50,Pasewalk,Hochspannungsleitung 316 Pasewalk - Iven - Güstrow,50Hertz Transmission,Q241331,de:50Hertz Transmission,316,power,Güstrow,route,220000,double,Iven, , , , , , , , , , , 
65,1126069,"['25736777', '29294107', '55213116', '135204764', '435572352', '369651846', '303995351']",3,50,Fürstenberg,Füb-Klw 2,EON_edis, , , ,power,Klosterwalde,route,110000,single, , , , , , , , , , , , 
66,1126070,"['55213116', '435572355', '234448803', '167375154', '167375150', '167375151', '8097821', '826190319', '167375152', '369651846', '72475662', '50928244', '123224180', '303997287', '123224128']",3,50,Fürstenberg,Hochspannungsleitung Füb - Pr,EON_edis, , ,1,power,Prenzlau,route,110000,single, , , , , , , , , , , , 
67,1126071,"['25736777', '29294107', '167375154', '167375150', '167375151', '8097821', '826190318', '167375145', '72475662', '167375153', '167375148', '303995358']",3,50,Klosterwalde,Hochspannungsleitung Klw - Pr,EON_edis, , ,4,power,Prenzlau,route,110000,single, , , , , , , , , , , , 
68,1141616,"['30039908', '825413338', '78635636', '42139427', '74003849', '74003850', '74003846', '74003877', '729112195']",3,50,Bertikow,Uckermarkleitung,50Hertz Transmission GmbH, , ,481,power,Neuenhagen,route,380000,quad, , , , , ,Q241331,yes, , , , , 
69,1141617,"['30039908', '78635638', '78635636', '42139427', '74003849', '74003850', '74003846', '74003877', '729112196']",3,50,Bertikow,Uckermarkleitung,50Hertz Transmission GmbH, , ,482,power,Neuenhagen,route,380000,quad, , , , , , ,yes, , , , , 
70,1141651,"['74003845', '74003849', '74003844']",3,50,Finow,Finow-Angermünde,EON_edis, , , ,power,Angermünde,route,110000,single, , , , , , , , , , , , 
71,1141652,['74003844'],3,50,Britz,Britz-Angermünde4,EON_edis, , , ,power,Angermünde,route,110000,single, , , , , , , , , , , , 
72,1181406,"['202529055', '1021493777', '1022712795', '1020012357', '26380546', '1090641185', '164012421', '77946473', '242485064', '77946501', '786231958', '942448205', '1028523633', '1068400049']",3,50,Umspannwerk Neuenhagen,Hochspannungsleitung Nhg - Frb 2/4,E.DIS Netz GmbH,Q1273411,de:E.DIS,2/4,power,Umspannwerk Freienbrink,route,110000, , , , , , , , , , , , , 
73,1181407,"['77946473', '242485065', '942448205', '77946560', '241958533', '202432800', '98633217', '786231960', '77946501', '164012421', '1090641180', '1090641183', '1090641184']",3,50,Umspannwerk Neuenhagen,Hochspannungsleitung Nhg - Fü 5,E.DIS Netz GmbH,Q1273411, ,5,power,Umspannwerk Fürstenwalde,route,110000, , , , , , , , , , , , , 
74,1188567,"['49746081', '49746083', '210992505', '817210184', '164012411', '274549010', '274549009', '30039908', '39366264', '942448206']",3,50,Umspannwerk Neuenhagen,Hochspannungsleitung 303 Neuenhagen - Bertikow,50Hertz Transmission,Q241331, ,303,power,Umspannwerk Bertikow,route,220000,double, , , , , , , , , , , , 
75,1188568,"['943444232', '49746082', '39366068', '49746081', '39381716', '945953811', '55635055', '170123812']",3,50,Pasewalk,306 Pasewalk - Vierraden,50Hertz Transmission, , ,306,power,Vierraden,route,220000,double, , , , , , , , , , , , 
76,1188569,"['39428977', '39428969', '825401056', '825401059', '694471788', '825376747', '39428980', '170123812']",3,50,Krajnik (PL),Ltg 507 Krajnik - Vierraden,50Hertz Transmission;PSE Operator, , ,507,power,Vierraden (DE),route,400000,double, , , , , , , , , , , , 
77,1188570,"['30039908', '78635628', '39381716', '945953812', '55635047', '943444232']",3,50,Pasewalk,305 Pasewalk - Bertikow,50Hertz Transmission, , ,305,power,Bertikow,route,220000,double, , , , , , , , , , , , 
78,1188571,"['49746082', '39363930', '274549009', '274549010', '210992505', '164012424', '817210185', '942448206', '729112213', '170123812']",3,50,Umspannwerk Neuenhagen,Hochspannungsleitung 304 Neuenhagen - Vierraden,50Hertz Transmission,Q241331, ,304,power,Umspannwerk Vierraden,route,220000,double, , , , , , , , , , , , 
79,1311805,"['88217930', '78689316', '170125173', '88179253', '994850905', '825918121', '825941230', '825941228']",3,50, , ,EON_edis, , ,Ang - Sd 2,power, ,route,110000,single, , , , , , , , , , , , 
80,1311806,"['88217930', '88179253', '88176131', '88271623', '170123824', '170125180', '994850904', '88271627', '170123813', '170123836', '88271626', '88179265', '170125175', '39428980']",3,50, , ,EON_edis, , ,Sd - Hei - Vrd 4,power, ,route,110000,single, , , , , , , , , , , , 
81,1311819,"['78689316', '78689290', '825875468', '288891776', '88283924', '88283935', '289366676']",3,50,Britz,Hochspannungsleitung Br - - Ang 4,E.DIS Netz GmbH, , ,4,power,Angermünde,route,110000,single, , , , , , , , , , , , 
82,1311820,"['88179265', '170123813', '170123836', '88271626', '78689316', '170125181', '88271627', '994850903', '39428980', '78689309', '825941229', '825918121', '994850905', '88176131', '88271623', '170123830']",3,50, , ,EON_edis, , ,Ang - Hei - Vrd 3,power, ,route,110000,single, , , , , , , , , , , , 
83,1311821,"['88283935', '88283924', '88283941', '289366687', '289283873', '88276389', '289366679']",3,50,Finow,Fin-Br 2,E.DIS Netz GmbH, , , ,power,Britz,route,110000,single, , , , , , , , , , , , 
84,1326877,"['90046877', '90042982', '90142950', '90142947', '458809040', '90142949', '90142946', '90047814']",3,50, , ,EON_edis, , , ,power, ,route,110000,single, , , , , , , , , , , , 
85,1326878,"['90142945', '90142948', '43719996', '35618890', '953460008', '167832642', '953460009', '167832650', '941448215', '90042982', '90046877']",3,50, , ,E.DIS Netz GmbH,Q1273411, , ,power, ,route,110000,single, , , , , , , , , , , , 
86,1326879,"['941448215', '35618890', '953460008', '167832642', '953460009', '167832650', '43719996', '90142948', '90142945', '90142950', '90142947', '458809040', '90142949', '90142946', '90047814']",3,50, , , , , , ,power, ,route,110000,single, , , , , , , , , , , , 
87,1421499,"['233482157', '240178875', '24865428', '99183440', '940635546', '944516921', '233482194', '99183066', '353506852', '23032594', '99183064', '240179494']",3,50, ,Wu-Or 1,E.DIS Netz GmbH,Q1273411,de:E.DIS, ,power, ,route,110000, , , , , , , , , , , , , 
88,1421500,"['99183440', '99417004', '240178874', '99183064', '67602648', '99249495', '345974686']",3,50, ,Or-Nru 3,E.DIS Netz GmbH, , , ,power, ,route,110000, , , , , , , , , , , , , 
89,1421501,"['27883686', '288796651', '288796639', '30303796', '27533041', '261927549', '27532401', '99249494', '233482157', '944516920', '233482195', '940635546']",3,50, ,Wu-Hen 2,E.DIS Netz GmbH,Q1273411,de:E.DIS, ,power, ,route,110000, , , , , , , , , , , , , 
90,1421502,"['27883686', '288796651', '288796639', '30303796', '27533041', '261927550', '27532401', '99249494', '99183066', '353506852', '23032594', '67602648', '99249496', '24865429', '24865428', '67602647']",3,50, ,Hen-Bee 1/2,E.DIS Netz GmbH, , , ,power, ,route,110000, , , , , , , , , , , , , 
91,1421503,"['67602647', '789017660', '99249495', '345974684', '99417004']",3,50, ,Bee-Nru 4,E.DIS Netz GmbH, , , ,power, ,route,110000, , , , , , , , , , , , , 
92,1561039,['98182881'],3,50, , , , , , ,power, ,route,110000,single, , , , , , , , , , , , 
93,1637735,"['941448215', '167832624', '953460010', '167832629', '276358248', '276358244', '276358230', '276358233', '99176347', '276338381', '276358250', '210507520', '210507521', '236968671', '788663648', '137884112', '236968674', '276358236', '787138325', '345974676', '99417004', '235163908', '235163912', '369532948', '369532947', '369523222']",3,50, ,Nru-Pe 6,E.DIS Netz GmbH,Q1273411, , ,power,Perleberg,route,110000, , , , , , , , , , , , , 
94,1637736,"['941448215', '35611595', '953460011', '167832629', '276358248', '276358244', '276358230', '276358233', '137884112', '88220973', '235163905', '236713682', '235163911', '369520756', '233114959', '233114957', '99176346', '99176347', '276338383']",3,50,Perleberg,Ky-Pe 3,E.DIS Netz GmbH,Q1273411, , ,power, ,route,110000, , , , , , , , , , , , , 
95,1640958,"['29331392', '119377194', '29331349', '119377207', '32977008']",2,16.7,Thyrow,Thyrow - Neuhof 2,DB Energie GmbH, , , ,power,Neuhof,route,110000,single, , , , , , , , , , , , 
96,1640959,"['29331392', '119377206', '29331349', '119377204', '32977008']",2,16.7,Thyrow,Thyrow - Neuhof 1,DB Energie GmbH, , , ,power,Neuhof,route,110000,single, , , , , , , , , , , , 
97,1640961,"['29331392', '119377200', '27692895', '52082732', '27692916']",2,16.7,Thyrow,Thyrow - Genshagener Heide 2,DB Energie GmbH, , , ,power,Genshagener Heide,route,110000,single, , , , , , , , , , , , 
98,1640962,"['27692916', '52082733', '498869310', '498869303', '198895525']",2,16.7,Genshagener Heide,Genshagener Heide - Schönefeld,DB Energie GmbH, , ,2,power,Schönefeld,route,110000,single, , , , , , , , , , , , 
99,1641776,"['119443387', '28775982', '26380971', '119443382', '23597731', '26380777', '119443385', '34848214', '34848215', '26332254', '27692899', '27692916']",2,16.7,Priort,Priort - Genshagener Heide 2,DB Energie GmbH,Q1152043,de:DB Energie,2,power,Genshagener Heide,route,110000,single,Golm, , , , , , , , , , , 
100,1641813,"['27645830', '119017800', '27916070', '27149340', '119445843', '26380971']",2,16.7,Nitzahn,Nitzahn - Priort 1,DB Energie GmbH, , ,1,power,Priort,route,110000,double, , , , , , , , , , , , 
101,1641814,"['26380971', '119445839', '27149340', '27156335', '998096455', '51370891', '51370888', '28266647', '28278297']",2,16.7,Unterwerk Priortt,Bahnstromleitung Priort - Karow 2,DB Energie GmbH,Q1152043,de:DB Energie,2,power,Unterwerk Karow,route,110000,single, , , , , , , , , , , , 
102,1642013,"['28086807', '119018946', '27269287', '27645830', '119017802', '49275117', '28086765', '51080971', '28087043']",2,16.7,Nitzahn,Nitzahn - Heeren 2,DB Energie GmbH, , , ,power,Heeren,route,110000,double;single,Rathenow, , , , , , , , , , , 
103,1642105,"['28776902', '43920709', '43903537', '119465660', '92102564', '198871874']",2,16.7,Kraftwerk Kirchmöser,Kraftwerk Kirchmöser - Unterwerk Kirchmöser 1,DB Energie GmbH, , ,1,power,Unterwerk Kirchmöser,route,110000,double, , , , , , , , , , , , 
104,1642106,"['28776902', '119465656', '43903537', '119465661', '92102564', '198871874']",2,16.7,Kraftwerk Kirchmöser,Kraftwerk Kirchmöser - Unterwerk Kirchmöser 3,DB Energie GmbH, , ,3,power,Unterwerk Kirchmöser,route,110000,double, , , , , , , , , , , , 
105,1642107,"['28776902', '55697041', '55697040', '119017804', '27645830']",2,16.7,Kirchmöser,Kirchmöser - Nitzahn 1,DB Energie GmbH, , , ,power,Nitzahn,route,110000,double, , , , , , , , , , , , 
106,1642108,"['28776902', '28776846', '55697040', '119017805', '27645830']",2,16.7,Kirchmöser,Kirchmöser - Nitzahn 2,DB Energie GmbH, , , ,power,Nitzahn,route,110000,double, , , , , , , , , , , , 
107,1642109,"['28776902', '119465668', '43903537', '119465666', '92102564', '198871874']",2,16.7,Kraftwerk Kirchmöser,Kraftwerk Kirchmöser - Unterwerk Kirchmöser 2,DB Energie GmbH, , ,2,power,Unterwerk Kirchmöser,route,110000,double, , , , , , , , , , , , 
108,1819935,"['29286029', '135204740', '955985988', '135204748', '369651846', '435572351', '234448797']",3,50,Neuhof,Nho-Füb 6,EON_edis, , , ,power,Fürstenberg,route,110000,single, , , , , , , , , , , , 
109,1819936,"['29286029', '29296994', '955985990', '135204765', '518455595', '947115273', '617568389', '786996862']",3,50, ,Nho-Gse 1,EON_edis, , , ,power, ,route,110000,single, , , , , , , , , , , , 
110,1819937,"['29286029', '135204745', '135204765', '955985985', '135204751', '135204768', '518455595', '947115274', '617568391', '786996862']",3,50, ,Nho-Gse 2,EON_edis, , , ,power, ,route,110000,single, , , , , , , , , , , , 
111,1943458,"['323446707', '46347692', '165711940']",12,50,DB Ostkreuz, ,Vattenfall Europe AG, , ,"890, 891, 892, (893)",power,Gürtelstraße,route,110000,single, , , , , , , ,yes, , , , 
112,2224599,"['20562114', '940636813', '164011600', '945954996', '30281134', '700351939', '998013563', '1037487651', '43165577', '43165578']",3,50,Malchow, ,Stromnetz Berlin,Q110255475, , ,power,Karow,route,110000,single, , , , , , , , , , , , 
113,2224601,"['20562114', '940636813', '164011603', '945954995', '30281134', '700351939', '998013563', '1037487651', '43165577', '43165578']",3,50,Malchow, ,Stromnetz Berlin,Q110255475, , ,power,Karow,route,110000,single, , , , , , , , , , , , 
114,2224602,"['29051015', '166888204', '25406424', '39247323', '43165578']",3,50,Buch, ,Stromnetz Berlin, , ,748,power,Karow,route,110000,single, , , , , , , , , , , , 
115,2224652,"['20562114', '940636813', '166885634', '945954999', '166885610', '166891682', '33806708', '321336854']",3,50,Malchow,MOW-LUN,Stromnetz Berlin,Q110255475, ,812,power,Lundener Straße,route,110000,single, , , , , , , , , , , , 
116,2224653,"['20562114', '940636813', '8116410', '945954998', '166885610', '166891683', '33806708', '321336856']",3,50,Malchow,MOW-LUN,Stromnetz Berlin,Q110255475, ,811,power,Lundener Straße,route,110000,single, , , , , , , , , , , , 
117,2224654,"['20562114', '940636813', '166885620', '945955000', '166885610', '166891681', '33806708', '321336858']",3,50,Malchow,MOW-LUN,Stromnetz Berlin,Q110255475, ,813,power,Lundener Straße,route,110000,single, , , , , , , , , , , , 
118,2224655,"['20562114', '940636813', '166885614', '945954997', '166885610', '166891680', '33806708', '321336850']",3,50,Malchow,MOW-LUN,Stromnetz Berlin,Q110255475, ,810,power,Lundener Straße,route,110000,single, , , , , , , , , , , , 
119,2224675,"['22981090', '166893264', '7979022', '166885621', '20562114', '940636813']",3,50,Gasturbinenkraftwerk Ahrensfelde,GBN-MOW 2,Stromnetz Berlin,Q110255475, ,GBN-MOW 2,power,Malchow,route,110000,single, , , , , , , , , , , , 
120,2224676,"['22981090', '166893267', '7979022', '166885616', '20562114', '940636813']",3,50,Gasturbinenkraftwrk Ahrensfelde,GBN-MOW 1,Vattenfall Europe, , ,GBN-MOW 1,power,Malchow,route,110000,single, , , , , , , , , , , , 
121,2224887,"['24517761', '166911555', '202584289', '998013562', '166885608', '940636813', '20562114']",3,50,Malchow,MOW-MUE,Stromnetz Berlin,Q110255475, ,768,power,Münsterberger Weg,route,110000,single, , , , , , , , , , , , 
122,2224888,"['24517761', '166911555', '202584289', '998013562', '166889258', '940636813', '20562114']",3,50,Malchow,MOW-MUE,Stromnetz Berlin,Q110255475, ,769,power,Münsterberger Weg,route,110000,single, , , , , , , , , , , , 
123,2224889,"['24517761', '24087569', '202584289', '998013562', '166885637', '20562114', '940636813']",3,50,Malchow,MOW-MUE,Stromnetz Berlin,Q110255475, ,770,power,Münsterberger Weg,route,110000,single, , , , , , , , , , , , 
124,2224890,"['202584289', '998013562', '166889257', '24087569', '24517761', '20562114', '940636813']",3,50,Malchow,MOW-MUE,Stromnetz Berlin,Q110255475, ,771,power,Münsterberger Weg,route,110000,single, , , , , , , , , , , , 
125,2237881,"['1093664413', '1093664414', '259468200', '259468196', '971991900', '971991895', '611278560', '26472665', '435456618', '59051397', '259468195', '1094015892']",3,50,ehem. Umspannwerk Wolmirstedt,Hochspannungsleitung 331 Wolmirstedt - Güstrow,50Hertz Transmission,Q241331,de:50Hertz Transmission,331,power,Umspannwerk Güstrow,route,220000,double, , , , , , , , ,220000 Volt Leitung 331 Wolmirstedt stillgelegt und teilweise abgebaut, , , 
126,2239286,"['39428977', '39428969', '825401055', '88684435', '694471787', '825376746', '39428980', '170123812']",3,50,Krajnik (PL),Ltg 508 Krajnik - Vierraden,50Hertz Transmission;PSE Operator, , ,508,power,Vierraden (DE),route,400000,double, , , , , , , , , , , , 
127,2326865,"['29082962', '174303451', '435572354', '29082963', '135204742', '435572353', '10273355', '369651846']",3,50,Fürstenberg,Hochspannungsleitung Füb - Nst,E.DIS Netz GmbH, , ,4,power,Neustrelitz,route,110000,single, , , , , , , , , , , , 
128,2326868,"['39533317', '174307868', '823635029', '135204742', '369651846', '135204753', '435572356', '53019323']",3,50,Fürstenberg,Hochspannungsleitung Füb - Wa,E.DIS Netz GmbH, , ,3,power,Waren,route,110000,single, , , , , , , , , , , , 
129,2326953,"['369596692', '174303456', '369622915', '369622909', '93418609', '174303447', '369622912', '369631231', '369631228', '174310971', '174310948', '174310945', '78500317', '151917619', '174310964', '174310946', '39466361', '78500315', '78500320', '945953803', '55667460', '39437430', '174310977']",6,50, , ,E.DIS Netz GmbH, , , ,power, ,route,110000, , , , , , , , , , , , , 
130,2326955,"['93418613', '93418612', '202257151', '202257154', '269229970', '174303447', '369622912', '369631231', '369631228', '174310971', '174310948', '174310945', '78500317', '174310977', '151917619', '369631227', '174310960', '174310946', '39466361', '174310952', '174310955', '55667459', '945953804', '39437430']",6,50, , ,E.DIS Netz GmbH, , , ,power, ,route,110000, , , , , , , , , , , , , 
131,2327044,"['39437430', '55667458', '945953808', '39466362', '39488512', '55634964', '55634999', '55581189', '177916586', '177916620', '78500314', '177916600', '177916596', '177916583', '177916570', '50928248', '50928247', '167375147', '826190323', '29389949', '72475662', '379326024']",3,50,Pasewalk,Hochspannungsleitung Pas - Ru - PRN - Pr 1,E.DIS Netz GmbH,Q1273411, ,1,power,Prenzlau,route,110000,single, , , , , , , , , , , , 
132,2327045,"['39437430', '55667461', '945953807', '39466362', '39488512', '55634964', '55634988', '55581189', '177916586', '177916620', '78500309', '78500310', '78500314', '177916600', '177916596', '177916583', '177916570', '50928248', '50928247', '174315150', '826190324', '29389949', '72475662', '379326025']",3,50, ,Hochspannungsleitung Pas - Ru - PRN - Pr 2,E.DIS Netz GmbH,Q1273411, ,2,power, ,route,110000,single, , , , , , , , , , , , 
133,2671364,"['499503587', '44052581', '149635967', '61575984', '369542764', '157520746', '49967909', '49978581', '827848142', '40152416', '44052622', '996358508', '499503585', '369542763', '40550867', '43915541', '55697042', '28776902']",2,16.7,Muldenstein,Bahnstromleitung Muldenstein - Kirchmöser 1,DB Energie GmbH,Q1152043,de:DB Energie,1,power,Kirchmöser,route,110000,single,Klebitz, , ,Borne, , , , , , , , 
134,2928166,"['940922557', '1093670567', '154779957', '221416888', '221456995', '818388071', '815584837', '154770902', '943939310']",3,50,Umspannwerk Ragow,Hochspannungsleitung 531 Ragow - Förderstedt,50Hertz Transmission,Q241331,de:50Hertz Transmission,531,power,Umspannwerk Förderstedt,route,380000,triple, , , , , , , , , , , , 
135,3009921,"['226401723', '226802737', '226802734', '52444943', '226401721', '226408623', '226408615', '788123540', '226408619', '226504235', '149739927', '226401722', '109696878', '149739926']",3,50, ,FFA-BsD2,E.DIS Netz GmbH,Q1273411,de:E.DIS, ,power, ,route,110000,single, , , , , , , , , , , , 
136,3009922,"['226401723', '226802737', '226802734', '52444943', '226401721', '226408623', '226408615', '788123540', '52450778', '52444944', '52450773', '226408622', '788123538', '202432801', '226401722', '109696878', '226408613', '226408618', '202432802']",3,50, ,FFA-FüS 1,E.DIS Netz GmbH,Q1273411,de:E.DIS, ,power, ,route,110000, , , , , , , , , , , , , 
137,3009923,"['149739926', '226408614', '226408619', '52450778', '52450773', '226408617', '226420546', '241958540', '98633217']",3,50, ,BsD-Fü 4,E.DIS Netz GmbH, , , ,power, ,route,110000, , , , , , , , , , , , , 
138,3010004,"['202432802', '788123539', '226408620', '226408622', '226408617', '226420546', '241958539', '98633217', '179172282', '202432805']",3,50, ,FüS-Fü 3,E.DIS Netz GmbH, , , ,power, ,route,110000, , , , , , , , , , , , , 
139,3271409,"['242114569', '242114570', '1028410708', '1021912967', '77946498', '889180904', '1068400048', '1028523635', '1068395552', '1028410713', '1028523631', '1028410714', '1028410707', '1028410712', '1028410711', '1028410710', '1028410709', '863454998']",3,50,Freienbrink, ,E.DIS Netz GmbH,Q1273411,de:E.DIS,Fbr - Ek 1,power,Erkner,route,110000,single, , , , , , , , , , , , 
140,3271410,"['23483391', '200363946', '23483383', '1030227391', '200363950', '200363943', '242124234', '242124237', '382209052', '263744097', '109856421', '39639394']",3,50, , , , , ,Sk - Bk 1/4,power,Wildau,route,110000,single,Niederlehme, , , , , , , , , , , 
141,3271411,"['98633217', '241958541', '241958533', '293215223']",3,50, ,Fü-Bk 4,EON_edis, , , ,power, ,route,110000, , , , , , , , , , , , , 
142,3271508,"['23483391', '242124234', '242124237', '200363942', '200363941', '263744097', '109856421', '293215223', '382209052', '1030227393', '23483383', '200363946']",3,50, , , , , , ,power, ,route,110000,single, , , , , , , , , , , , 
143,3302864,"['940922557', '815584836', '176548928', '176548911', '154779933', '634203752', '700983791', '398680313']",3,50,Umspannwerk Ragow,Hochspannungsleitung 502 Ragow - Jessen Nord,50Hertz Transmission,Q241331,de:50Hertz Transmission,502,power,Umspannwerk Jessen Nord,route,380000,quad, ,ehemals nach Marke, , , , , , , , , , 
144,3304584,"['234817713', '234817705', '805138186', '805138193', '805138185', '459526610', '233516493', '50761702', '37567173', '37567172', '483002823', '805138191', '747150677']",3,50,Thyrow,Thy-Lu 1,E.DIS Netz GmbH,Q1273411,de:E.DIS,1,power, ,route,110000, , , , , , , , , , , , , 
145,3304585,"['234817712', '234817705', '805138186', '805138193', '805138185', '459526608', '233516494', '50761702', '483002823', '805138192', '747150677', '805138194', '747150676']",3,50,Thyrow,Thy-Lu 2,E.DIS Netz GmbH,Q1273411,de:E.DIS,2,power, ,route,110000, , , , , , , , , , , , , 
146,3306342,"['157328339', '510573279', '168688087', '157805722', '1086549375', '1086549372', '940922557']",3,50,Umspannwerk Ragow,Hochspannungsleitung 561 Ragow - Streumen,50Hertz Transmission,Q241331,de:50Hertz Transmission,561,power,Umspannwerk Streumen,route,380000,quad, , , , , , , , , , , , 
147,3306343,"['157328339', '168688090', '510573276', '157805722', '940922557', '1086549374', '1086549371']",3,50,Umspannwerk Ragow,Hochspannungsleitung 562 Ragow - Streumen,50Hertz Transmission,Q241331,de:50Hertz Transmission,562,power,Umspannwerk Streumen,route,380000,quad, , , , , , , , , , , , 
148,3454040,"['95421165', '920058163', '234815406', '234815400', '91680069', '55696788', '234815396', '55696789', '732214681']",3,50, ,SWB - BrN 3,E.DIS Netz GmbH,Q1273411,de:E.DIS, ,power, ,route,110000,single, , , , , , , , , , , , 
149,3454045,"['202585921', '257439413', '257439414', '257439406', '732214678', '91680069', '234815400', '920058157', '234815399', '95421165']",3,50, ,SWB - BrH 4,E.DIS Netz GmbH,Q1273411,de:E.DIS, ,power, ,route,110000,single, , , , , , , , , , , , 
150,3460388,"['55562108', '257776002', '257776008', '39645483', '27543390', '27171723', '40621806', '920058154', '234815405', '95421165']",3,50, ,SWB - Pre 8,E.DIS Netz GmbH,Q1273411,de:E.DIS, ,power, ,route,110000, , , , , , , , , , , , , 
151,3460389,"['257448383', '40621806', '920058156', '210509075', '95421165', '202610156', '210508544', '257476893', '257776003', '819543227', '79365696', '28110828', '257448388', '257448384', '257448385', '257448381', '27651668', '64856342', '28777004', '257776511', '257776512', '257776513']",3,50, ,Ki - SWB 2,E.DIS Netz GmbH,Q1273411,de:E.DIS, ,power, ,route,110000,single, , , , , , , , , , , , 
152,3460424,"['55696786', '234815395', '732214678', '257439406', '257778159', '772998794', '233482183', '944516911', '233482226', '55696789', '234814516', '34375343', '732214681', '940635546']",3,50, ,BrN-Wu,E.DIS Netz GmbH,Q1273411,de:E.DIS,5,power, ,route,110000, , , , , , , , , , , , , 
153,3460425,"['202585921', '202585922', '257439414', '257778159', '772998794', '233482183', '944516910', '233482227', '234814517', '34375343', '940635546']",3,50, ,BrH-Wu 6,E.DIS Netz GmbH,Q1273411,de:E.DIS, ,power, ,route,110000, , , , , , , , , , , , , 
154,3460521,"['27866190', '233664702', '1022574454', '1022574453', '233664695', '26507031', '233665633']",3,50, ,Sed-Gel 5,E.DIS Netz GmbH, , , ,power, ,route,110000,single, , , , , , , , , , , , 
155,3671534,"['276043284', '233482220', '944516914', '233482172', '23599420', '275918804', '9966324', '789025544', '275918796', '242912570', '132239443', '79369851', '167051672', '276052909', '940635546']",3,50,Wustermark,Wu-Fri 1,E.DIS Netz GmbH,Q1273411,de:E.DIS, ,power,Friesack,route,110000, , , , , , , , , , , , , 
156,3671535,"['275918796', '275918804', '275918807', '79369853', '79369854', '124446147', '787138321', '787138322', '276043284', '23599420', '233482172', '944516915', '233482218', '9966324', '242912569', '132239443', '124446145', '787138324', '940635546']",3,50,Wustermark,Wu-Neu 2,E.DIS Netz GmbH,Q1273411,de:E.DIS,2,power, ,route,110000, , , , , , , , , , , , , 
157,3671650,"['276337118', '369538517', '276058816', '79369853', '79369851', '276052908', '167051672', '79369856', '79369857', '88220973']",3,50,Friesack,Fri-Ky 3,E.DIS Netz GmbH, , , ,power,Kyritz,route,110000, ,Heinrichsfeld, , , , , , , , , , , 
158,3674606,"['124446145', '787138321', '787138322', '124446147', '276337106', '79369858', '787138324']",3,50,Neustadt/Dosse,ND-UND,EON_edis, , , ,power,Unterwerk Neustadt/Dosse,route,110000,single, , , , , , , , , , , , 
159,3674607,"['276337118', '369538516', '276058816', '79369854', '276337108', '79369858', '88220973']",3,50,Neustadt/Dosse,Fri-Ky 4,EON_edis, , , ,power,Kyritz,route,110000,single, , , , , , , , , , , , 
160,3674711,"['88220973', '276338382', '276358250', '276358236', '787138325', '787138326', '276358227', '236968677', '236968669', '236968681', '99417004']",3,50,Kyritz,Nru-Ky 1,E.DIS Netz GmbH, , , ,power,Neuruppin,route,110000, , , , , , , , , , , , , 
161,3738978,"['52983550', '156960646', '814296058', '58417796', '156960657', '55875204', '814287228', '172819236', '550112562', '550112563', '40895981', '814254851', '941198517', '137197826']",3,50,Umspannwerk Preilack,Hochspannungsleitung 547 Preilack - Eisenhüttenstadt - Neuenhagen,50Hertz Transmission,Q241331,de:50Hertz Transmission,547,power,Umspannwerk Neuenhagen,route,380000,quad,Umspannwerk Eisenhüttenstadt, , , , , , , , , , , 
162,3738980,"['52983550', '941198517', '520972190', '813972029', '414169327', '58417847', '814296057', '156960646', '172819236', '156960657', '55875205', '814287229']",3,50,Umspannwerk Preilack,Hochspannungsleitung 548 Preilack - Eisenhüttenstadt - Heinersdorf,50Hertz Transmission,Q241331,de:50Hertz Transmission,548,power,Umspannwerk Heinersdorf,route,380000,quad,Umspannwerk Eisenhüttenstadt, , , , , , , , , , , 
163,3749523,"['43163132', '59226317', '758956246', '758956245', '43163137', '11500045', '59524692', '46615737']",3,50,Reuter,904 Reuter - Charlottenburg,50Hertz Transmission,Q241331,de:50Hertz Transmission,904,power,Charlottenburg,route,380000,triple, , , , , , , , , ,1, , 
164,3749524,"['30303506', '40644990', '30954714']",3, ,Berlin/Mitte,919 Berlin Mitte - Friedrichshain,50Hertz Transmission,Q241331,de:50Hertz Transmission,919,power,Friedrichshain,route,380000, , , , , , , , , , , , , 
165,3749525,"['30954714', '758952092', '40553121', '22973070']",6, ,Friedrichshain,921 Friedrichshain - Marzahn,50Hertz Transmission,Q241331,de:50Hertz Transmission,921,power,Marzahn,route,380000, , , , , , , , , , , , , 
166,3749526,"['59524693', '59524692', '43163137', '43163138', '758956249', '758956248', '30303506', '11500045', '43163132']",3,50,Reuter,903 Reuter - Mitte,50Hertz Transmission,Q241331,de:50Hertz Transmission,903,power,Berlin Mitte,route,380000, , , , , , , , , , , , , 
167,3749527,"['30132758', '62216837', '758956244', '758956242', '381739512', '43163132']",3,50,Teufelsbruch,907 Teufelsbruch - Reuter,50Hertz Transmission,Q241331,de:50Hertz Transmission,907,power,Reuter,route,380000, , , , , , , , , , , , , 
168,3764521,"['59226325', '11499908', '758956250', '758956251', '43163139', '43163132', '26535944']",3, ,Heizkraftwerk Reuter,901 Reuter, , , ,901,power,Reuter,route,380000, , , , , , , , , , , , , 
169,3834965,"['78689316', '202804179', '202804185', '241832027', '88351465', '804411985', '288534237', '241832040', '288891780', '75932490', '804442856', '806557260', '288891778', '993931439', '825941239', '288891775', '88351472', '561985237', '826139394', '561985462', '806557264']",3,50,Letschin,Le-Ang 6,E.DIS Netz GmbH,Q1273411, ,6,power,Angermünde,route,110000, , , , , , , , , , , , , 
170,3834966,"['288891778', '825941227', '88217931', '78689424', '78689316', '167405940', '806557260', '804442856', '75932490', '288891768', '79863797', '804442857', '804442855', '561985237', '826139393']",3,50,Angermünde,Frw-Ang 5,E.DIS Netz GmbH, , , ,power,Bad Freienwalde,route,110000,single, , , , , , , , , , , , 
171,3834967,"['288891780', '88348546', '79863797', '202804178', '202804189', '202804188', '241832040', '288534237', '202804183', '241832027', '88351474', '289373978', '244022584']",3,50,Metzdorf,Met-Frw 1,E.DIS Netz GmbH,Q1273411, ,1,power,Bad Freienwalde,route,110000, ,Wriezen, , , , , , , , , , , 
172,3841169,"['289283877', '289283871', '289283874', '23499851', '202267729', '202267730', '289334545', '289334543', '289283878', '210743914', '804411977', '210743916', '289283870', '8656167', '88276389', '804411978']",3,50,Tempelfelde,Tf-Fin 4,EDIS Netz GmbH, , , ,power,Finow,route,110000,single, , , , , , , , , , , , 
173,3841254,"['88283919', '289335808', '88276389', '289283879', '289338066', '88283927']",3,50,Finow,Fin-Ebw 1,E.DIS Netz GmbH, , , ,power,Eberswalde,route,110000,single, , , , , , , , , , , , 
174,3841255,"['88283919', '289335808', '88276389', '289335806', '289338067', '88283927']",3,50,Finow,Fin-Ebw 2,E.DIS Netz GmbH, , , ,power,Eberswalde,route,110000,single, , , , , , , , , , , , 
175,3841603,"['288891776', '825875469', '288891770', '88283941', '289366687', '289283876', '88276389', '289366674', '289366681', '78689316']",3,50,Finow,Hochspannungsleitung Fin - - Ang 1,E.DIS Netz GmbH, , , ,power,Angermünde,route,110000,single, , , , , , , , , , , , 
176,3885041,"['940922557', '763235463', '815584829', '154787291', '947583940', '58417845', '941198517']",3, ,Umspannwerk Ragow,Hochspannungsleitung 539 Ragow - Preilack,50Hertz Transmission,Q241331,de:50Hertz Transmission,539,power,Umspannwerk Preilack,route,380000, , , , , , , , , , , , , 
177,3885042,"['940922557', '815584830', '763235464', '154787291', '947583941', '58417846', '941198517']",3, ,Umspannwerk Ragow,Hochspannungsleitung 540 Ragow - Preilack,50Hertz Transmission,Q241331,de:50Hertz Transmission,540,power,Umspannwerk Preilack,route,380000, , , , , , , , , , , , , 
178,3885043,"['157328339', '168688071', '510573265', '180844651', '259260557', '58974275', '157806991']",3,50,Umspannwerk Streumen,Hochspannungsleitung 557,50Hertz Transmission,Q241331,de:50Hertz Transmission,557,power,Schaltwerk Bärwalde,route,380000, , ,Bärwalde - Streumen, , , , , , , , , , 
179,3885044,"['157328339', '168688086', '510573261', '180844651', '58974299', '259260560', '157806991']",3,50,Umspannwerk Streumen,Hochspannungsleitung 558,50Hertz Transmission,Q241331,de:50Hertz Transmission,558,power,Schaltwerk Bärwalde,route,380000, , ,Bärwalde - Streumen, , , , , , , , , , 
180,3885045,"['941198517', '58417799', '947583943', '1068364858', '1068364861', '1068364864', '1068350839']",3, ,Umspannwerk Preilack,Hochspannungsleitung 559 Preilack - Altdöbern,50Hertz Transmission,Q241331,de:50Hertz Transmission,559,power,Umspannwerk Altdöbern,route,380000, , , , , , , , , , , ,wires ?, 
181,3885046,"['941198517', '58417849', '947583942', '1068364858', '154787322', '510573272', '168688074', '157328339', '1068364860']",3,50,Umspannwerk Preilack,Hochspannungsleitung 560 Preilack - Streumen,50Hertz Transmission,Q241331,de:50Hertz Transmission,560,power,Umspannwerk Streumen,route,380000, , , , , , , , , , , ,wires ?, 
182,5230049,"['29331392', '244426955']",3,50, , , , , , ,power, ,route,110000, , , , , , , , , , , , , 
183,5230050,"['29331528', '233516437', '459526621']",3,50, ,1/2, , , , ,power, ,route,110000,single, , , , , , , , , , , , 
184,5230051,"['233516438', '459526620', '29331528']",3,50, ,3/4, , , , ,power, ,route,110000,single, , , , , , , , , , , , 
185,5230052,"['29331528', '350616915', '210990206', '459526619', '217299195']",3,50, ,5/6, , , , ,power, ,route,110000,single, , , , , , , , , , , , 
186,5230053,"['29331392', '29331859']",3,50, , , , , , ,power, ,route,110000, , , , , , , , , , , , , 
187,5230054,"['29331528', '210990206', '29331742', '459526617', '350616910']",3,50, ,7/8, , , , ,power, ,route,110000,single, , , , , , , , , , , , 
188,5236115,"['369651846', '435572344', '135204759', '234449818', '26407627', '39590144']",3,50, , , , , , ,power, ,route,110000,single, , , , , , , , , , , , 
189,5236116,"['39590147', '234450350', '234449829', '26407626', '39590144']",3,50, , , , , , ,power, ,route,110000,single, , , , , , , , , , , , 
190,5236117,"['39590147', '234449829', '234450349', '39590144', '234449833']",3,50, , , , , , ,power, ,route,110000,single, , , , , , , , , , , , 
191,5236118,"['369651846', '234449818', '135204744', '435572347', '39590144', '234449834']",3,50, , , , , , ,power, ,route,110000,single, , , , , , , , , , , , 
192,5296127,"['40895836', '315395992', '166912769', '20562009', '166885627', '20562114', '940636813', '7979029', '945955002']",3,50, ,MOW-FAL,Stromnetz Berlin,Q110255475, ,805,power, ,route,110000,single, , , , ,786, , , , , , , 
193,5296128,"['40895836', '20562009', '166885627', '315395988', '166912770', '20562114', '940636813', '945955001', '166885638']",3,50, ,MOW-FAL,Stromnetz Berlin,Q110255475, ,806,power, ,route,110000,single, , , , ,787, , , , , , , 
194,5296129,"['40895836', '20562009', '166885627', '166912775', '40895839', '166885617', '945955003', '20562114', '940636813']",3,50, ,MOW-FAL,Stromnetz Berlin,Q110255475, ,807,power, ,route,110000,single, , , , ,727, , , , , , , 
195,5296153,"['354559582', '20562009', '166912772', '166912778', '315395989', '347993176', '24477871']",3,50, ,RUE-FAL,Stromnetz Berlin,Q110255475, ,816,power, ,route,110000,single, , , , , , , , , , , , 
196,5296154,"['354559582', '20562009', '166912772', '166912776', '315395987', '347993145', '24477871']",3,50, ,RUE-FAL,Stromnetz Berlin,Q110255475, ,817,power, ,route,110000,single, , , , , , , , , , , , 
197,5296155,"['354559582', '315395990', '166912771', '20562009', '166912772', '24477874', '24477871']",3,50, ,RUE-FAL,Stromnetz Berlin,Q110255475, ,815,power, ,route,110000,single, , , , , , , , , , , , 
198,5490963,"['805138182', '234817972', '50761715', '50761719', '50761717', '234817707', '234817708', '50761702', '319395122', '50769579', '50769578', '369544110', '641340355', '641340356']",3,50, ,Lu-Rd 1,E.DIS Netz GmbH, , , ,power, ,route,110000, , , , , , , , , , , , , 
199,5490998,"['234817709', '234817707', '50761715', '234817971', '805138183', '50761702', '50761719', '50761717', '50769557', '50769558', '319395122', '369544110', '641340355', '50769579', '50769578', '641340356']",3,50, ,Lu-Rd-Pet 2/2,E.DIS Netz GmbH, , , ,power, ,route,110000, , , , , , , , , , , , , 
200,5491033,"['628130085', '733051488', '733051487', '210973108', '210973107', '369543424', '369542763', '44052603', '210520565', '56049289', '56049285', '234817323', '54035107', '55694197', '257429542', '257429545', '257429538', '205969534', '257429544', '55694206', '55694205', '55875469', '55694211', '55694210', '54035106', '257439415', '234815401', '920058160', '234815400', '95421165', '257429548', '257429543', '40550867', '628130069']",3,50, ,Ri-SWB 1,E.DIS Netz GmbH,Q1273411,de:E.DIS, ,power, ,route,110000,single, , , , , , , , , , , , 
201,5491035,"['628130085', '733051488', '733051487', '369543424', '369542763', '40550867', '44052603', '56049289', '234817324', '54035107', '55694197', '210520565', '56049285', '257429542', '215636505', '257429545', '257429544', '55694205', '55694207', '257429546', '257429534', '215636504', '55875469', '54035106', '257429541', '55694211', '257439415', '234815400', '920058161', '55875468', '95421165', '628130069', '628130082', '210973107']",3,50, ,Ri-SWB 2,E.DIS Netz GmbH,Q1273411,de:E.DIS, ,power, ,route,110000,single, , , , , , , , , , , , 
202,5581798,"['234156601', '11341038', '234156594', '941198517', '174126659', '947583935']",3,50,Kraftwerk Jänschwalde,Hochspannungsleitung ME Jänschwalde - Preilack, , , ,Jän - Prl ME,power,Umspannwerk Preilack,route,380000, , , , , , , , , , , , , 
203,5581799,"['234156597', '234156593', '11341038', '174126658', '947583937', '941198517']",3,50,Kraftwerk Jänschwalde,Hochspannungsleitung MC Jänschwalde - Preilack, , , ,Jän - Prl MC,power,Umspannwerk Preilack,route,380000, , , , , , , , , , , , , 
204,5581800,"['234156599', '941198517', '174126657', '947583938', '115932314', '11341038']",3,50,Kraftwerk Jänschwalde,Hochspannungsleitung MB Jänschwalde - Preilack, , , ,Jän - Prl MB,power,Umspannwerk Preilack,route,380000, , , , , , , , , , , , , 
205,5581801,"['234156597', '207526215', '11341038', '947583936', '234156598', '941198517']",3,50,Kraftwerk Jänschwalde,Hochspannungsleitung MD Jänschwalde - Preilack, , , ,Jän - Prl MD,power,Umspannwerk Preilack,route,380000, , , , , , , , , , , , , 
206,5581802,"['115932301', '234156599', '947583939', '234156600', '941198517', '11341038']",3,50,Kraftwerk Jänschwalde,Hochspannungsleitung MA Jänschwalde - Preilack, , , ,Jän - Prl MA,power,Umspannwerk Preilack,route,380000,_, , , , , , , , , , , , 
207,5581803,"['234156601', '11341038', '234156595', '941198517', '947583934', '234156602']",3,50,Kraftwerk Jänschwalde,Hochspannungsleitung MF Jänschwalde - Preilack, , , ,Jän - Prl MF,power,Umspannwerk Preilack,route,380000, , , , , , , , , , , , , 
208,5613994,"['736462279', '886214424', '886214423', '886214430', '83173906', '886214429', '886214428', '886214427', '886214426', '886214425', '376791917', '320485955', '320463688', '43174768', '69546277', '320454747', '320209877', '26254522', '376837962']", ,50, , ,DB Energie GmbH,Q1152043,de:DB Energie, ,power, ,route,30000, , , , , , , , , , , , , 
209,5638576,"['165716088', '941443168', '201687008', '955779070', '41705263', '378278924', '165716223']",3,50, , ,E.DIS Netz GmbH,Q1273411, , ,power, ,route,110000,single, , , , , , , , , , , , 
210,5638577,"['110547148', '378278924', '41705263', '165716088', '941443168', '955779071', '378282235']",3,50, , ,E.DIS Netz GmbH,Q1273411, , ,power, ,route,110000,single, , , , , , , , , , , , 
211,5638589,"['52444942', '202293885', '226401720', '149737521', '109696878', '226504236', '202293881', '149737521', '78334391', '378282234', '52444940', '52983546', '955779067', '941443168']",3,50, ,EhsP - FFA 2, , , , ,power, ,route,110000,single, , , , , , , , , , , , 
212,5638590,"['52444942', '202293885', '226401720', '149737521', '109696878', '226504234', '202293884', '149737521', '78334391', '378282234', '202293883', '955779066', '378282228', '941443168']",3,50, ,EhsP - FFA 1, , , , ,power, ,route,110000,single, , , , , , , , , , , , 
213,5638696,"['241735023', '955779064', '378282227', '941443168', '170317030', '378294236', '242129619', '241735021', '170317031', '263744097', '242129605', '200363945', '187210832', '382209051', '293215222', '109856421']",3,50, , , , , , ,power, ,route,110000,single, , , , , , , , , , , , 
214,5638697,"['241735023', '941443168', '378282226', '955779065', '170317030', '378294236', '242129619', '170317031', '241735022', '263744097', '242129605', '200363948', '200363944', '382209051', '293215222', '109856421']",3,50, , , , , , ,power, ,route,110000,single, , , , , , , , , , , , 
215,5638737,"['942448205', '25726533', '944513497', '234161543', '788064907', '27748857', '99167264', '788064908', '99169191']",3,50,Umspannwerk Neuenhagen,Hochspannungsleitung Nhg - Hzf 2,E.DIS Netz GmbH,Q1273411, ,2,power, ,route,110000, , , , , , , , , , , , , 
216,5638814,"['41768225', '202527434', '206637406', '206637405', '80261805', '378308916', '338711768']",3,50, , ,E.DIS Netz GmbH,Q1273411,de:E.DIS, ,power, ,route,110000,single, , , , , , , , , , , , 
217,5638859,"['729833044', '233516435', '459526597', '233517752', '317076062', '317076061', '237987500', '156347503', '156347503', '202527435', '202805462', '202805461', '378308917', '41768225']",3,50, , ,E.DIS Netz GmbH,Q1273411,de:E.DIS, ,power, ,route,110000,single, , , , , , , , , , , , 
218,5638860,"['729833044', '233516435', '459526594', '233517751', '317076062', '317076061', '156347503', '237987501', '156347503', '202527435', '202805462', '378312219', '378308920', '41768225']",3,50, , ,E.DIS Netz GmbH,Q1273411,de:E.DIS, ,power, ,route,110000,single, , , , , , , , , , , , 
219,5638875,"['84723151', '206637406', '156346444', '80261805', '51766999', '32884660', '32882485', '221010426', '23447400', '37041671', '32882491', '54278446', '206639500', '338711768']",3,50, ,Thy-SfN,E.DIS Netz GmbH, , ,2,power, ,route,110000, , , , , , , , , , , , , 
220,5648384,"['198895525', '50074149', '35373270']", ,16.7,Schönefeld,15-kV-Bahnstromleitung Schönefeld - Grünauer Kreuz,DB Energie GmbH, , , ,power,Grünauer Kreuz,route,15000,single, , , , , , , , , , , , 
221,5650426,"['22980264', '234670302', '30151911', '25835623', '942448205', '970555590', '970555589', '8074773', '234673882', '1090874993', '234161544', '72865325']",3,50,Umspannwerk Neuenhagen,Hochspannungsleitung Nhg - Bau 1,E.DIS Netz GmbH,Q1273411,de:E.DIS,1,power, ,route,110000,single, , , , , , , , , , , , 
222,5650427,"['22980264', '234670301', '30151911', '25835623', '942448205', '970555590', '970555589', '8074773', '234673880', '1090874994', '234161542', '72865325']",3,50,Umspannwerk Neuenhagen,Hochspannungsleitung Nhg - Bau 2,E.DIS Netz GmbH,Q1273411,de:E.DIS,2,power, ,route,110000,single, , , , , , , , , , , , 
223,5681704,"['30132758', '62216837', '758956244', '758956242', '381739512', '43163132']",3,50,Reuter,908 Teufelsbruch - Reuter,50Hertz Transmission,Q241331,de:50Hertz Transmission,908,power,Teufelsbruch,route,380000, , , , , , , , , , , , , 
224,5681729,"['30132732', '137726981', '48215742']",3,50, , ,Vattenfall Europe Berlin, , , ,power, ,route,110000, , , , , , , , , , , , , 
225,5681736,"['30132732', '48217648', '47020569']",3,50, , ,Vattenfalle Europe AG, , , ,power, ,route,110000, , , , , , , , , , , , , 
226,5681747,"['48217501', '48217497', '30132732']",3,50, , ,Vattenfall Europe AG, , , ,power, ,route,110000, , , , , , , , , , , , , 
227,5681748,"['137726982', '47020569', '48217501']",3,50, , ,Vattenfall Europe AG, , , ,power, ,route,110000, , , , , , , , , , , , , 
228,5681778,"['121486033', '46616430', '46616429']",3,50, , ,Vattenfall Europe AG, , , ,power, ,route,110000, , , , , , , , , , , , , 
229,5681779,"['381745546', '121486033', '47497187']",3,50, , ,Vattenfall Europe AG, , , ,power, ,route,110000, , , , , , , , , , , , , 
230,6054429,"['220311906', '46607750', '46607758']",3,50, , ,Stromnetz Berlin,Q110255475, , ,power, ,route,110000, , , , , , , , , , , , , 
231,6054430,"['46607753', '46607746', '403887144', '403887141', '27259944']",3,50, , ,Stromnetz Berlin,Q110255475, , ,power, ,route,110000, , , , , , , , , , , , , 
232,6054432,"['46607755', '46607747', '46607758']",3,50, , ,Stromnetz Berlin,Q110255475, , ,power, ,route,110000, , , , , , , , , , , , , 
233,6054433,"['46607912', '403887142', '403887143', '27259944', '46607750']",3,50, , ,Stromnetz Berlin,Q110255475, , ,power, ,route,110000, , , , , , , , , , , , , 
234,6054434,"['46607755', '46607911', '403874775', '403874777', '27259944']",3,50, , ,Stromnetz Berlin,Q110255475, , ,power, ,route,110000, , , , , , , , , , , , , 
235,6054601,"['263419601', '46607753', '46607908', '46607750']",3,50, , ,Stromnetz Berlin,Q110255475, , ,power, ,route,110000, , , , , , , , , , , , , 
236,6054602,"['46613882', '589687288', '46613883', '46613741']",3,50, , ,Stromnetz Berlin, , , ,power, ,route,110000, , , , , , , , , , , , , 
237,6054642,"['30303506', '46830007', '46830006']",3,50, , ,Stromnetz Berlin,Q110255475, , ,power, ,route,110000, , , , , , , , , , , , , 
238,6054657,"['30303506', '46512523', '39496398']",3,50, , ,Stromnetz Berlin,Q110255475, , ,power, ,route,110000, , , , , , , , , , , , , 
239,6054658,"['46512518', '46512519', '33718255']",3,50, , ,Stromnetz Berlin,Q110255475, , ,power, ,route,110000, , , , , , , , , , , , , 
240,6054659,"['33718255', '46512522', '30303506']",3,50, , ,Stromnetz Berlin,Q110255475, , ,power, ,route,110000, , , , , , , , , , , , , 
241,6054670,"['46881719', '39496398', '24481431']",3,50, , ,Stromnetz Berlin,Q110255475, , ,power, ,route,110000, , , , , , , , , , , , , 
242,6054672,"['46881720', '687492421', '24481431', '46991616']",3,50, , ,Stromnetz Berlin,Q110255475, , ,power, ,route,110000, , , , , , , , , , , , , 
243,6054673,"['46512524', '46511498', '39496398']",3,50, , ,Stromnetz Berlin,Q110255475, , ,power, ,route,110000, , , , , , , , , , , , , 
244,6054703,"['46830635', '39183360', '30954714']",3,50, , ,Stromnetz Berlin,Q110255475, , ,power, ,route,110000, , , , , , , , , , , , , 
245,6054704,"['40745779', '40745769', '39183360']",3,50, , ,Stromnetz Berlin,Q110255475, , ,power, ,route,110000, , , , , , , , , , , , , 
246,6054705,"['30954714', '112789705', '40807399', '8014833', '46508946', '22973052', '354586865']",3, ,Friedrichshain, ,Stromnetz Berlin,Q110255475, ,707,power,Wuhlheide,route, ,single, , , , , , , , , , , , 
247,6054706,"['46830637', '35551888', '40745769']",3,50, , ,Stromnetz Berlin,Q110255475, , ,power, ,route,110000, , , , , , , , , , , , , 
248,6054726,"['46511503', '30954714', '46511502']",3,50, , ,Stromnetz Berlin,Q110255475, , ,power, ,route,110000, , , , , , , , , , , , , 
249,6055926,"['347993132', '24477877', '816337417', '347993162', '24477871', '39243044']",3,50,Biesdorf-Nord,Hochspannungsleitung 826 BIN - RUE,Stromnetz Berlin,Q110255475, ,826,power,Rüsternweg,route,110000,single, , , , , , , , , , , , 
250,6055927,"['347993158', '816337412', '24477877', '39243044', '347993148', '24477871']",3,50,Biesdorf-Nord,Hochspannungsleitung 827 BIN - RUE,Stromnetz Berlin,Q110255475, ,827,power,Rüsternweg,route,110000,single, , , , , , , , , , , , 
251,6055928,"['24477877', '816337414', '347993155', '39243044', '24477871', '263419598']",3,50,Biesdorf-Nord,Hochspannungsleitung 825 BIN - RUE,Stromnetz Berlin,Q110255475, ,825,power,Rüsternweg,route,110000,single, , , , , , , , , , , , 
252,6056956,"['39247323', '43165578', '25406424', '166888204', '29051015']",3,50, , ,Stromnetz Berlin, , ,749,power, ,route, ,single, , , , , , , , , , , , 
253,6059441,"['46337809', '46539770', '27159777']",3,50, , ,Stromnetz Berlin,Q110255475, , ,power, ,route,110000, , , , , , , , , , , , , 
254,6059442,"['46337808', '46337809', '46348131']", ,50, , ,Stromnetz Berlin, , , ,power, ,route,110000, , , , , , , , , , , , , 
255,8539037,"['202546923', '617568393', '135204746', '788581111', '617568390', '825163731', '135204755', '786996862']",3,50,Gransee,Hochspannungsleitung Gse - - Häs 2,EON_edis, , ,2,power,Häsen,route,110000,single, , , , , , , , , , , , 
256,8539038,"['786996862', '617568392', '825163730', '617568390', '788581111', '99686886', '202546924', '135204746']",3,50,Gransee,Hochspannungsleitung Gse - - Mast 21 1,EON_edis, , ,1,power,Mast 21,route,110000,single,Klein Mutz, , , , , , , , , , , 
257,8539039,"['825163735', '617568398', '786985537', '715320995', '824019352', '518455594', '947118608']",3,50,Umspannwerk Altentreptow Nord,Hochspannungsleitung 479 Altentreptow Süd - Gransee,50Hertz Transmission,Q241331, ,479,power,Umspannwerk Gransee,route,380000, , , , , , , , , , , , , 
258,8539151,"['30303506', '40644990', '30954714']",3,50,Berlin/Mitte,920 Berlin Mitte - Friedrichshain,50Hertz Transmission,Q241331,de:50Hertz Transmission,920,power,Friedrichshain,route,380000, , , , , , , , , , , , , 
259,8539152,"['758952092', '40553121', '30954714', '22973070']",3,50,Friedrihshain,922 Friedrichshain - Marzahn,50Hertz Transmission,Q241331,de:50Hertz Transmission,922,power,Marzahn,route,380000, , , , , , , , , , , , , 
260,8539153,"['30303506', '59524693', '46615737']",3,50,Charlottenburg,906 Charlottenburg - Mitte,50Hertz Transmission,Q241331,de:50Hertz Transmission,906,power,Mitte,route,380000, , , , , , , , , , , , , 
261,8539168,"['26535944', '43163130', '11499908', '59226313', '758956253', '758956252', '43163132']",3,50,Heizkraftwerk Reuter, , , , ,902,power,Reuter,route,380000, , , , , , , , , , , , , 
262,9356730,"['46604720', '315273806', '39250468']",3,50, , ,Stromnetz Berlin,Q110255475, , ,power, ,route,110000, , , , , , , , , , , , ,underground
263,9356731,"['46510613', '39250468', '46510461']",3,50, , ,Stromnetz Berlin,Q110255475, , ,power, ,route,110000, , , , , , , , , , , , , 
264,9800445,"['414169327', '813972030', '520972188', '550112563', '40895977', '814145504', '137197826']",3,50,Umspannwerk Heinersdorf,Hochspannungsleitung 444 Heinersdorf - Neuenhagen,50Hertz Transmission,Q241331, ,444,power,Umspannwerk Neuenhagen,route,380000,quad, , , , , , , , , , , , 
265,10718706,"['765505417', '233482164', '944516918', '233482205', '765635697', '940635546']",3,50, ,Wu-FsS 1,E.DIS Netz GmbH,Q1273411,de:E.DIS, ,power, ,route,110000, , , , , , , , , , , , , 
266,10718707,"['940635546', '765635697', '233482203', '944516919', '233482164', '765505417']",3,50, ,Wu-FsS 2,E.DIS Netz GmbH,Q1273411,de:E.DIS, ,power, ,route,110000, , , , , , , , , , , , , 
267,10949075,"['786996862', '518455594', '786989467']",3,50, , , , , , ,power, ,route,110000, , , , , , , , , , , , , 
268,10950345,"['334244340', '787105671', '786996862']",3,50, ,Gde-GD 1,EON_edis, , , ,power, ,route,110000, , , , , , , , , , , , , 
269,10950346,"['786996862', '787105668', '334244340']",3,50, ,Gse-GD 2,EON_edis, , , ,power, ,route,110000, , , , , , , , , , , , , 
270,10960487,"['99169191', '202499718', '202499717', '241958532', '241958534', '788064909', '788064911', '788064910', '890246122', '202499724', '788064912', '202499722', '98633217']",3,50, ,Hzf-Fü 4,EON_edis, , , ,power, ,route,110000, , , , , , , , , , , , , 
271,10960488,"['202499717', '788126345', '788064911', '788064910', '890246122', '788064909', '99167264', '378297270', '241958534', '39626060', '98633217', '27748857', '234161543', '234161547', '944513498', '942448205', '202499719', '202499721']",3,50,Umspannwerk Neuenhagen,Hochspannungsleitung Nhg - Fü 1,E.DIS Netz GmbH,Q1273411, ,1,power, ,route,110000, , , , , , , , , , , , , 
272,11104985,"['244022584', '289373971', '88351474', '88351465', '804411983', '289548404', '804442858', '149675988']",3,50, ,Met-Slw 2,E.DIS Netz GmbH, , , ,power, ,route,110000,single, , , , , , , , , , , , 
273,11104986,"['149675988', '289548412', '289548404', '804442862', '804411984', '88351472']",3,50, ,Le-Slw 1,E.DIS Netz GmbH, , , ,power, ,route,110000, , , , , , , , , , , , , 
274,11105096,"['791138790', '791138792', '490512543']",3,50, ,GotW-MetN 1,E.DIS Netz GmbH, , , ,power, ,route,110000, , , , , , , , , , , , , 
275,11105097,"['804447912', '490512543', '244022584']",3,50, ,MetN-Met 1,E.DIS Netz GmbH, , , ,power, ,route,110000, , , , , , , , , , , , , 
276,11105098,"['490665866', '791138771', '490512543', '1090618322']",3,50,Umspannwerk Heinersdorf,Hochspannungsleitung Hnd - MetN 1,E.DIS Netz GmbH,Q1273411, ,HT-2095,power, ,route,110000, , , , , , , , , , , , , 
277,11105718,"['99694790', '99694789', '942448205', '202260413', '202263539', '241832054', '804607532', '99694791', '241832049', '289373980', '244022584', '804607533', '804694063', '422663120', '804607535', '1090874998', '234161546', '804694062']",3,50,Umspannwerk Neuenhagen,Hochspannungsleitung Nhg-Met 1,E.DIS Netz GmbH,Q1273411, , ,power, ,route,110000, , , , , , , , , , , , , 
278,11106292,"['244022584', '289373975', '241832049', '241832043', '99694791', '241832054', '804607532', '241832037', '804607533', '202260413', '99694789', '804694062', '234161541', '1090874999', '942448205', '804607536']",3,50,Umspannwerk Neuenhagen,Hochspannungsleitung Nhg - Met 2,E.DIS Netz GmbH,Q1273411, ,2,power, ,route,110000,single, , , , , , , , , , , , 
279,11195813,"['208256289', '208256287', '815128553']", , ,Thyrow,Hochspannungsleitung 525,50Hertz Transmission,Q241331,de:50Hertz Transmission, ,power,Wustermark,route, , , , , , , , , , , , , , 
280,11207602,"['39243044', '31262306', '39243047', '347993178']",3,50, ,Hochspannungsleitung 838,Stromnetz Berlin,Q110255475, ,838,power,Biesdorf Nord,route,110000, , , , , , , , , , , , , 
281,11207603,"['31262306', '39243048', '347993143']",3,50, ,Hochspannungsleitung 835,Stromnetz Berlin,Q110255475, ,835,power,Biesdorf Nord,route,110000, , , , , , , , , , , , , 
282,11207616,"['39243044', '31262306', '39243047', '347993178']",3,50, ,Hochspannungsleitung 838,Stromnetz Berlin,Q110255475, ,838,power,Biesdorf Nord,route,110000, , , , , , , , , , , , , 
283,11207617,"['31262306', '39243048', '347993143']",3,50, ,Hochspannungsleitung 835,Stromnetz Berlin,Q110255475, ,835,power,Biesdorf Nord,route,110000, , , , , , , , , , , , , 
284,11223312,"['154779933', '704076600', '58297184', '634203760', '700983792', '28729619', '398680313']",3,50,Schönewalde,Hochspannungsleitung 503 Schönewalde-Jessen Nord, , , ,503,power,Jessen Nord,route,380000,quad, , , , , , , , , , , , 
285,12104184,"['889250286', '201687011', '41705263', '378282232', '955779072', '378282238', '142677488', '941443168']",3,50, , ,E.DIS Netz GmbH,Q1273411, , ,power, ,route,110000, , , , , , , , , , , , , 
286,12104185,"['941443168', '201687010', '955779073', '378282232', '41705263', '201687011', '889250285', '142677488']",3,50, , ,E.DIS Netz GmbH,Q1273411, , ,power, ,route,110000, , , , , , , , , , , , , 
287,13258053,"['173538641', '288789771', '174094910', '976327383', '288789769', '947583933', '34794998', '941198517', '34794999']",3,50,Umspannwerk Preilack,Hochspannungsleitung Prl - - Ndf 3,MITNETZ Strom,Q56199578, ,Prl - - Ndf 3,power, ,route,110000, , , , , , , , , , , , , 
288,13258054,"['986413431', '174094914', '288790878', '947583931', '173538641', '947583930', '941198517']",3,50,Umspannwerk Preilack,Hochspannungsleitung Prl - - Ndf 1,MITNETZ Strom,Q56199578, ,Prl - - Ndf 1,power, ,route,110000, , , , , , , , , , , , , 
289,13345393,"['288891767', '825941237', '78689332', '170123821', '74003848', '78689316', '39428980']",3,50, ,Vrd - Ang 1,edis Netz GmbH, , , ,power, ,route,110000, , , , , , , , , , , , , 
290,13345394,"['39428980', '170123831', '170123821', '78689334', '78689337', '78689332', '825941238', '288891777', '78689316']",3,50, , ,edis Netz GmbH, , ,Vrd - Ang 2,power, ,route,110000, , , , , , , , , , , , , 
291,13349976,"['174009902', '995231227', '23088897', '995231229', '149674457', '174007254', '174010330', '944518090', '176548909', '988410988', '1086564587']",3,50,Umspannwerk Ragow,Hochspannungsleitung Rag - - Vet 2,MITNETZ Strom,Q56199578, ,2,power, ,route,110000, , , , , , , , , , , , , 
292,13349977,"['174007254', '995231229', '23088897', '995231228', '174744770', '174744771', '174744769', '377804095', '149674457', '377804097', '988410987', '221456988', '944518091', '174010330', '1086564587']",3,50,Umspannwerk Ragow,Hochspannungsleitung Rag - - CotW 1,MITNETZ Strom,Q56199578, ,1,power, ,route,110000, , , , , , , , , , , , , 
293,13349978,"['922832908', '174009902', '995231226', '174744770', '174744773', '174038229', '995231232']",3,50, , ,enviaM, , ,Vet - Cot 4,power, ,route,110000, , , , , , , , , , , , , 
294,13349979,"['377804097', '995231231', '174038229', '174744772', '174744769', '377804095', '922832908']",3,50, , , , , ,CotW - Cot 3,power, ,route,110000, , , , , , , , , , , , , 
295,13349994,"['803445412', '398009782', '803445417', '803445411', '803445418', '201579966', '1068684582', '201581726', '174010331', '944518092', '221456976', '174345528', '803445419', '174345529', '234155830', '24657870', '1086564587']",3,50,Umspannwerk Ragow,Hochspannungsleitung Rag - - Grä 7,MITNETZ Strom,Q56199578, ,7,power,Umspannwerk Großräschen,route,110000, , , , , , , , , ,Rag - Ca - Grä 7, , , 
296,13349995,"['803445415', '398009782', '803445417', '803445411', '803445418', '201579966', '1068684584', '201581728', '174010331', '944518093', '221456994', '174345528', '803445419', '174345529', '234155830', '24657870', '1086564587']",3,50,Umspannwerk Ragow,Hochspannungsleitung Rag - - Grä 8,MITNETZ Strom,Q56199578, ,8,power,Umspannwerk Großräschen,route,110000, , , , , , , , , ,Rag - Ca - Grä 8, , , 
297,13350111,"['193800920', '221457009', '944518097', '39096824', '193800922', '244423489', '987011489', '244423487', '988410991', '988410993', '244423484', '988410968', '244423490', '987011487', '244423494', '193800926', '39094403', '1086564587']",3,50, ,Hochspannungsleitung Uck - - Rag 1,MITNETZ Strom,Q56199578, ,1,power,Umspannwerk Ragow,route,110000, , , , , , , , , , , , , 
298,13350112,"['221457009', '944518096', '221456975', '244423489', '987011489', '244423487', '988410991', '988410993', '244423484', '987011488', '193800923', '988410989', '988410990', '988410992', '743383945', '39094403', '988410970', '1086564587']",3,50, ,Hochspannungsleitung Uck - - Rag 2,MITNETZ Strom,Q56199578, ,2,power,Umspannwerk Ragow,route,110000, , , , , , , , , , , , , 
299,13352262,"['995322886', '174125228', '995322894', '173538641', '174112688']",3,50, , ,enviaM,Q1345871,de:Envia Mitteldeutsche Energie,Ndf - Pei 4,power, ,route,110000, , , , , , , , , , , , , 
300,13352263,"['995322890', '174125228', '995322895', '173538641', '174112688']",3,50, , ,enviaM,Q1345871,de:Envia Mitteldeutsche Energie,Ndf - Pei 3,power, ,route,110000, , , , , , , , , , , , , 
301,13352264,"['378278928', '201293634', '201293633', '173538641', '210802714', '116536988', '922832908']",3,50, , ,enviaM,Q1345871,de:Envia Mitteldeutsche Energie,Ndf - Cot 1,power, ,route,110000, , , , , , , , , , , , , 
302,13352265,"['173538641', '378278929', '201293634', '995322897', '210802714', '116536988', '922832908']",3,50, , ,enviaM,Q1345871,de:Envia Mitteldeutsche Energie,Ndf - Cot 2,power, ,route,110000, , , , , , , , , , , , , 
303,13393297,"['375105917', '175417684', '1086579028', '951999933', '729861856', '244279966', '179095411', '944518098', '620419972', '998116825', '554335723', '998116826', '1086564587']",3,50,Umspannwerk Ragow,Hochspannungsleitung Rag- -Lü 1,MITNETZ Strom,Q56199578, ,1,power, ,route,110000, , , , , , , , , , , , , 
304,13393298,"['554335723', '729861856', '244279966', '244279970', '1086579022', '193800924', '179095411', '944518099', '620419975', '204138763', '1086564587', '244279964', '951999930', '998116824']",3,50,Umspannwerk Ragow,Hochspannungsleitung Rag- -Lü 2,MITNETZ Strom,Q56199578, ,2,power, ,route,110000, , , , , , , , , , , , , 
305,13764419,"['77946498', '23479349', '242114570', '1028410709', '1028410710', '1028410711', '1028410712', '1028410707', '1028410714', '1028523631', '1028410713', '1068395552', '1028410708', '1021912967', '1028523636', '1068400050', '863454998', '889180904']",3,50,Freienbrink, ,E.DIS Netz GmbH,Q1273411,de:E.DIS,Fbr - Ek 2,power,Erkner,route,110000, , , , , , , , , , , , , 
306,14236924,"['157328339', '1068350839', '1068364865', '1068364863', '154787322', '510573269', '168688073']",3, ,Umspannwerk Altdöbern,Hochspannungsleitung ___ Altdöbern - Streumen,50Hertz Transmission,Q241331,de:50Hertz Transmission,___,power,Umspannwerk Streumen,route,380000, , , , , , , , , , , ,wires ?, 
307,14454142,"['851299584', '24530081', '30419113', '30419417', '259468200', '259468201', '953460013', '59707533', '274603394', '59707532', '1086324789', '274603398', '907494428', '907494425', '851945928']",3,50,Umspannwerk Putlitz Süd,Hochspannungsleitung ___ Putlitz Süd - Perleberg,50Hertz Transmission,Q241331,de:50Hertz Transmission, ,power,Umspannwerk Perleberg,route,380000,triple,Umspannstation Putlitz, , , , , , , , , , , 
308,14460330,"['851299584', '164015333', '953458920', '41036073', '30419119', '24530081', '907494428', '907494424', '851945927', '33169401']",3,50,Umspannwerk Putlitz Süd,Hochspannungsleitung ___ Putlitz Süd - Stendal West,50Hertz Transmission,Q241331,de:50Hertz Transmission, ,power,Umspannwerk Stendal West,route,380000,triple, , , , , , , , , , , , 
309,14510979,"['30164703', '1089773441', '58430973', '59550315', '942770516', '59550311']",3,50,Kraftwerk Schwarze Pumpe B,Hochspannungsleitung ___ Schwarze Pumpe B - Graustein, , , , ,power,Umspannwerk Graustein,route,380000, , , , , , , , , , , , , 
310,14510980,"['30164703', '58430972', '1089773440', '59550315', '942770515', '59550331']",3,50,Kraftwerk Schwarze Pumpe A,Hochspannungsleitung ___ Schwarze Pumpe A - Graustein, , , , ,power,Umspannwerk Graustein,route,380000, , , , , , , , , , , , , 
311,14569506,"['517421342', '517421325', '1093664414', '259468200', '259468196', '971991900', '971991895', '611278560', '26472665']",3,50,Wolmirstedt,Hochspannungsleitung 332 Wolmirstedt - Parchim/süd,50Hertz Transmission,Q241331,de:50Hertz Transmission,332,power,Parchim/Süd,route,220000,double, , , , , , , , , , , , 
